                  epoch,         train/box_loss,         train/cls_loss,         train/dfl_loss,   metrics/precision(B),      metrics/recall(B),       metrics/mAP50(B),    metrics/mAP50-95(B),           val/box_loss,           val/cls_loss,           val/dfl_loss,                 lr/pg0,                 lr/pg1,                 lr/pg2
                      1,                0.53024,                0.36893,                0.95939,                0.99969,                0.99933,                  0.995,                0.89838,                0.45263,                0.26471,                0.82323,             0.00041653,             0.00041653,             0.00041653
                      2,                0.39692,                0.25023,                0.89824,                0.99956,                0.99963,                  0.995,                0.92163,                0.42963,                0.22414,                0.81883,             0.00066822,             0.00066822,             0.00066822
                      3,                0.33635,                0.21652,                0.87442,                0.99998,                0.99999,                  0.995,                0.94132,                0.36153,                0.19679,                0.79854,             0.00075492,             0.00075492,             0.00075492
                      4,                0.28346,                0.18572,                0.85401,                0.99996,                0.99999,                  0.995,                0.97269,                0.28572,                 0.1558,                0.78034,              0.0005075,              0.0005075,              0.0005075
                      5,                0.26665,                0.17742,                0.84941,                0.99995,                0.99999,                  0.995,                0.98022,                 0.2761,                0.15173,                0.77819,              0.0005075,              0.0005075,              0.0005075
